Workbook

Sheet Table of Contents
B2: Table of Contents
B4: Sheet | C4: Description
B5: BaSO4 | C5: =_xlfn.CONCAT("End-use market breakdown for ",B5) -> End-use market breakdown for BaSO4
B6: CaCl2 | C6: =_xlfn.CONCAT("End-use market breakdown for ",B6) -> End-use market breakdown for CaCl2
B7: CaCO3 | C7: =_xlfn.CONCAT("End-use market breakdown for ",B7) -> End-use market breakdown for CaCO3
B8: CaSO4 | C8: =_xlfn.CONCAT("End-use market breakdown for ",B8) -> End-use market breakdown for CaSO4
B9: KCl | C9: =_xlfn.CONCAT("End-use market breakdown for ",B9) -> End-use market breakdown for KCl
B10: LiCl | C10: =_xlfn.CONCAT("End-use market breakdown for ",B10) -> End-use market breakdown for LiCl
B11: Li2CO3 | C11: =_xlfn.CONCAT("End-use market breakdown for ",B11) -> End-use market breakdown for Li2CO3
B12: LiOH | C12: =_xlfn.CONCAT("End-use market breakdown for ",B12) -> End-use market breakdown for LiOH
B13: MgCl2 | C13: =_xlfn.CONCAT("End-use market breakdown for ",B13) -> End-use market breakdown for MgCl2
B14: MgSO4 | C14: =_xlfn.CONCAT("End-use market breakdown for ",B14) -> End-use market breakdown for MgSO4
B15: Mg(OH)2 | C15: =_xlfn.CONCAT("End-use market breakdown for ",B15) -> End-use market breakdown for Mg(OH)2
B16: NaCl | C16: =_xlfn.CONCAT("End-use market breakdown for ",B16) -> End-use market breakdown for NaCl
... B25: Cl2 | C25: =_xlfn.CONCAT("End-use market breakdown for ",B25) -> End-use market breakdown for Cl2
B26: Summary | C26: Machine-readable market breakdowns for all byproducts
B27: Category Map | C27: End-use markets included in each end-use category

Sheet BaSO4
B2: Byproduct Market Assignment: | D2: Barium Sulfate (barite, BaSO4)
B4: Major End-Use Markets
B6: Demand by End-Use | G6: Fraction of Demand by End-Use Category
B7: End-Use Category | C7: End-Use | D7: Demand (kt) | E7: % of Demand | G7: End-Use Category | H7: % of Demand
B8: Oil and Gas | C8: Weighting agent in oil and gas drilling fluids | D8: – | E8: 0.9 | G8: {=_xlfn.UNIQUE(B8:B9)} -> Oil and Gas | H8: =SUMIF(B$8:B$9,G8,E$8:E$9) -> 0.9
B9: Miscellaneous Industrial | C9: Industrial | D9: – | E9: 0.1 | G9: Miscellaneous Industrial | H9: =SUMIF(B$8:B$9,G9,E$8:E$9) -> 0.1
B10: Source: | C10: (Kim, 2026)

Sheet CaCl2
B2: Byproduct Market Assignment: | D2: Calcium Chloride (CaCl2)
B4: Major End-Use Markets
B6: Demand by End-Use | G6: Fraction of Demand by End Use Category
B7: End-Use Category | C7: End-Use | D7: Demand | E7: % of Demand | G7: End-Use Category | H7: % of Demand
B8: Deicing | C8: Deicing | D8: – | E8: 0.3 | G8: {=_xlfn.UNIQUE(B8:B14)} -> Deicing | H8: =E8 -> 0.3
B9: Dust Control | C9: Dust control, road stabilization | D9: – | E9: 0.25 | G9: Dust Control | H9: =E9 -> 0.25
B10: Miscellaneous Industrial | C10: Industrial (refrigerant, coal thawing, etc.) | D10: – | E10: 0.15 | G10: Miscellaneous Industrial | H10: =E10 -> 0.15
B11: Oil and Gas | C11: Oil and gas drilling fluids | D11: – | E11: 0.1 | G11: Oil and Gas | H11: =E11 -> 0.1
B12: Concrete | C12: Concrete | D12: – | E12: 0.05 | G12: Concrete | H12: =E12 -> 0.05
B13: Miscellaneous Agricultural | C13: Tire ballast | D13: – | E13: 0.04 | G13: Miscellaneous Agricultural | H13: =E13 -> 0.04
B14: Other | C14: Miscellaneous | D14: – | E14: 0.11 | G14: Other | H14: =E14 -> 0.11
B15: Source: | C15: (Kemp & Keegan, 2000)

Sheet CaCO3
B2: Byproduct Market Assignment: | D2: Calcium Carbonate (CaCO3)
B4: Major End-Use Markets
B6: Demand by End-Use | G6: Fraction of Demand by End-Use Category
B7: End-Use Category | C7: End-Use | D7: Demand (kt) | E7: % of Demand | G7: End-Use Category | H7: % of Demand
B8: Construction Aggregate | C8: Construction aggregate | D8: – | E8: 0.72 | G8: {=_xlfn.UNIQUE(B8:B12)} -> Construction Aggregate | H8: =SUMIF(B$8:B$12,G8,E$8:E$12) -> 0.72
B9: Cement Manufacturing | C9: Cement manufacturing | D9: – | E9: 0.17 | G9: Cement Manufacturing | H9: =SUMIF(B$8:B$12,G9,E$8:E$12) -> 0.17
B10: Lime Manufacturing | C10: Lime manufacturing | D10: – | E10: 0.06 | G10: Lime Manufacturing | H10: =SUMIF(B$8:B$12,G10,E$8:E$12) -> 0.06
B11: Miscellaneous Agricultural | C11: Agricultural uses | D11: – | E11: 0.01 | G11: Miscellaneous Agricultural | H11: =SUMIF(B$8:B$12,G11,E$8:E$12) -> 0.01
B12: Other | C12: Chemical, special, and miscellaneous uses | D12: – | E12: 0.04 | G12: Other | H12: =SUMIF(B$8:B$12,G12,E$8:E$12) -> 0.04
B13: Source: | C13: (Willett, 2026)

Sheet CaSO4
B2: Byproduct Market Assignment: | D2: Calcium Sulfate (gypsum, CaSO4)
B4: Major End-Use Markets
B6: Demand by End-Use | G6: Fraction of Demand by End-Use Category
B7: End-Use Category | C7: End-Use | D7: Demand (kt) | E7: % of Demand | G7: End-Use Category | H7: % of Demand
B8: Cement Manufacturing | C8: Portland and masonry cement | D8: 4400 | E8: =D8/SUM(D$8:D$12) -> 0.11847065 | G8: {=_xlfn.UNIQUE(B8:B12)} -> Cement Manufacturing | H8: =SUMIF(B$8:B$12,G8,E$8:E$12) -> 0.11847065
B9: Miscellaneous Agricultural | C9: Agriculture and other | D9: 14400 | E9: =D9/SUM(D$8:D$12) -> 0.38772213 | G9: Miscellaneous Agricultural | H9: =SUMIF(B$8:B$12,G9,E$8:E$12) -> 0.38772213
B10: Gypsum-Based Building Materials | C10: Plaster | D10: W | E10: – | G10: Gypsum-Based Building Materials | H10: =SUMIF(B$8:B$12,G10,E$8:E$12) -> 0.42003231
B11: Gypsum-Based Building Materials | C11: Prefabricated gypsum products | D11: 15600 | E11: =D11/SUM(D$8:D$12) -> 0.42003231 | G11: Other | H11: =SUMIF(B$8:B$12,G11,E$8:E$12) -> 0.073774906
B12: Other | C12: Other | D12: 2740 | E12: =D12/SUM(D$8:D$12) -> 0.073774906
B13: Source: | C13: (Crangle, 2024)
B14: W - withheld by USGS to avoid discolsing company proprietary data, included in "Other"

Sheet KCl
B2: Byproduct Market Assignment: | D2: Potassium Chloride (KCl)
B4: Major End-Use Markets
B6: Demand by End-Use | G6: Fraction of Demand by End-Use Category
B7: End-Use Category | C7: End-Use | D7: Demand (kt) | E7: % of Demand | G7: End-Use Category | H7: % of Demand
B8: Fertilizer Manufacturing | C8: Fertilizer | D8: – | E8: 0.85 | G8: {=_xlfn.UNIQUE(B8:B9)} -> Fertilizer Manufacturing | H8: =SUMIF(B$8:B$9,G8,E$8:E$9) -> 0.85
B9: Miscellaneous Industrial | C9: Chemical and industrial applications | D9: – | E9: 0.15 | G9: Miscellaneous Industrial | H9: =SUMIF(B$8:B$9,G9,E$8:E$9) -> 0.15
B10: Source: | C10: (Jasinski, 2026)

Sheet LiCl
B2: Byproduct Market Assignment: | D2: Lithium Chloride (LiCl)
B4: Major End-Use Markets
B6: Demand by End-Use | G6: Fraction of Demand by End-Use Category
B7: End-Use Category | C7: End-Use | D7: Demand (kt) | E7: % of Demand | G7: End-Use Category | H7: % of Demand
B8: Battery Manufacturing | C8: Batteries | D8: – | E8: 0.88 | G8: {=_xlfn.UNIQUE(B8:B14)} -> Battery Manufacturing | H8: =SUMIF(B$8:B$14,G8,E$8:E$14) -> 0.88
B9: Glass Manufacturing | C9: Ceramics and glass | D9: – | E9: 0.04 | G9: Glass Manufacturing | H9: =SUMIF(B$8:B$14,G9,E$8:E$14) -> 0.04
B10: Miscellaneous Industrial | C10: Lubricating greases | D10: – | E10: 0.02 | G10: Miscellaneous Industrial | H10: =SUMIF(B$8:B$14,G10,E$8:E$14) -> 0.03
B11: Other | C11: Air treatment | D11: – | E11: 0.01 | G11: Other | H11: =SUMIF(B$8:B$14,G11,E$8:E$14) -> 0.05
B12: Miscellaneous Industrial | C12: Continuous casting mold flux powders | D12: – | E12: 0.01
B13: Other | C13: Medical | D13: – | E13: 0.01
B14: Other | C14: Other | D14: – | E14: 0.03
B15: Source: | C15: (Jaskula, 2026)

Sheet Li2CO3
B2: Byproduct Market Assignment: | D2: Lithium Carbonate (Li2CO3)
B4: Major End-Use Markets
B6: Demand by End-Use | G6: Fraction of Demand by End-Use Category
B7: End-Use Category | C7: End-Use | D7: Demand (kt) | E7: % of Demand | G7: End-Use Category | H7: % of Demand
B8: Battery Manufacturing | C8: Batteries | D8: – | E8: 0.88 | G8: {=_xlfn.UNIQUE(B8:B14)} -> Battery Manufacturing | H8: =SUMIF(B$8:B$14,G8,E$8:E$14) -> 0.88
B9: Glass Manufacturing | C9: Ceramics and glass | D9: – | E9: 0.04 | G9: Glass Manufacturing | H9: =SUMIF(B$8:B$14,G9,E$8:E$14) -> 0.04
B10: Miscellaneous Industrial | C10: Lubricating greases | D10: – | E10: 0.02 | G10: Miscellaneous Industrial | H10: =SUMIF(B$8:B$14,G10,E$8:E$14) -> 0.03
B11: Other | C11: Air treatment | D11: – | E11: 0.01 | G11: Other | H11: =SUMIF(B$8:B$14,G11,E$8:E$14) -> 0.05
B12: Miscellaneous Industrial | C12: Continuous casting mold flux powders | D12: – | E12: 0.01
B13: Other | C13: Medical | D13: – | E13: 0.01
B14: Other | C14: Other | D14: – | E14: 0.03
B15: Source: | C15: (Jaskula, 2026)

Sheet LiOH
B2: Byproduct Market Assignment: | D2: Lithium Hydroxide
B4: Major End-Use Markets
B6: Demand by End-Use | G6: Fraction of Demand by End-Use Category
B7: End-Use Category | C7: End-Use | D7: Demand (kt) | E7: % of Demand | G7: End-Use Category | H7: % of Demand
B8: Battery Manufacturing | C8: Batteries | D8: – | E8: 0.88 | G8: {=_xlfn.UNIQUE(B8:B14)} -> Battery Manufacturing | H8: =SUMIF(B$8:B$14,G8,E$8:E$14) -> 0.88
B9: Glass Manufacturing | C9: Ceramics and glass | D9: – | E9: 0.04 | G9: Glass Manufacturing | H9: =SUMIF(B$8:B$14,G9,E$8:E$14) -> 0.04
B10: Miscellaneous Industrial | C10: Lubricating greases | D10: – | E10: 0.02 | G10: Miscellaneous Industrial | H10: =SUMIF(B$8:B$14,G10,E$8:E$14) -> 0.03
B11: Other | C11: Air treatment | D11: – | E11: 0.01 | G11: Other | H11: =SUMIF(B$8:B$14,G11,E$8:E$14) -> 0.05
B12: Miscellaneous Industrial | C12: Continuous casting mold flux powders | D12: – | E12: 0.01
B13: Other | C13: Medical | D13: – | E13: 0.01
B14: Other | C14: Other | D14: – | E14: 0.03
B15: Source: | C15: (Jaskula, 2026)

Sheet MgCl2
B2: Byproduct Market Assignment: | D2: Magnesium Chloride (MgCl2)
B4: Major End-Use Markets
B6: Demand by End-Use | G6: Fraction of Demand by End-Use Category
B7: End-Use Category | C7: End-Use | D7: Demand (kt) | E7: % of Demand | G7: End-Use Category | H7: % of Demand
B8: Deicing | C8: Deicing | D8: – | E8: 1 | G8: {=_xlfn.UNIQUE(B8:B8)} -> Deicing | H8: =SUMIF(B$8:B$8,G8,E$8:E$8) -> 1
B9: Source: | C9: (Merrill, 2024)

Sheet MgSO4
B2: Byproduct Market Assignment: | D2: Magnesium Sulfate (MgSO4)
B4: Major End-Use Markets
B6: Demand by End-Use | G6: Fraction of Demand by End-Use Category
B7: End-Use Category | C7: End-Use | D7: Demand (kt) | E7: % of Demand | G7: End-Use Category | H7: % of Demand
B8: Miscellaneous Industrial | C8: Cosmetics and personal care | D8: – | E8: 0.48 | G8: {=_xlfn.UNIQUE(B8:B12)} -> Miscellaneous Industrial | H8: =SUMIF(B$8:B$12,G8,E$8:E$12) -> 0.48
B9: Chemical Manufacturing | C9: Chemical intermediates | D9: – | E9: 0.22 | G9: Chemical Manufacturing | H9: =SUMIF(B$8:B$12,G9,E$8:E$12) -> 0.22
B10: Pulp and Paper | C10: Pulp and paper | D10: – | E10: 0.12 | G10: Pulp and Paper | H10: =SUMIF(B$8:B$12,G10,E$8:E$12) -> 0.12
B11: Fertilizer Manufacturing | C11: Fertilizer | D11: – | E11: 0.1 | G11: Fertilizer Manufacturing | H11: =SUMIF(B$8:B$12,G11,E$8:E$12) -> 0.1
B12: Other | C12: Other applications | D12: – | E12: 0.08 | G12: Other | H12: =SUMIF(B$8:B$12,G12,E$8:E$12) -> 0.08
B13: Source: | C13: (Merrill, 2024)

Sheet Mg(OH)2
B2: Byproduct Market Assignment: | D2: Magnesium Hydroxide (Mg(OH)2)
B4: Major End-Use Markets
B6: Demand by End-Use | G6: Fraction of Demand by End-Use Category
B7: End-Use Category | C7: End-Use | D7: Demand (kt) | E7: % of Demand | G7: End-Use Category | H7: % of Demand
B8: Water Treatment | C8: Water treatment | D8: – | E8: 0.8 | G8: {=_xlfn.UNIQUE(B8:B10)} -> Water Treatment | H8: =SUMIF(B$8:B$10,G8,E$8:E$10) -> 0.8
B9: Chemical Manufacturing | C9: Chemical intermediates | D9: – | E9: 0.11 | G9: Chemical Manufacturing | H9: =SUMIF(B$8:B$10,G9,E$8:E$10) -> 0.11
B10: Other | C10: Other end uses | D10: – | E10: 0.09 | G10: Other | H10: =SUMIF(B$8:B$10,G10,E$8:E$10) -> 0.09
B11: Source: | C11: (Merrill, 2024)

Sheet NaCl
B2: Byproduct Market Assignment: | D2: Sodium Chloride (NaCl)
B4: Major End-Use Markets
B6: Demand by End-Use | G6: Fraction of Demand by End-Use Category
B7: End-Use Category | C7: End-Use | D7: Demand (kt) | E7: % of Demand | G7: End-Use Category | H7: % of Demand
B8: Chloralkali Process | C8: Chloralkali producers | D8: 16800 | E8: =D8/SUM(D$8:D$11) -> 0.96724049 | G8: {=_xlfn.UNIQUE(B8:B11)} -> Chloralkali Process | H8: =SUMIF(B$8:B$11,G8,E$8:E$11) -> 0.96724049
B9: Chemical Manufacturing | C9: Other chemical | D9: 563 | E9: =D9/SUM(D$8:D$11) -> 0.032414071 | G9: Chemical Manufacturing | H9: =SUMIF(B$8:B$11,G9,E$8:E$11) -> 0.032414071
B10: Oil and Gas | C10: Oil and gas exploration | D10: 5 | E10: =D10/SUM(D$8:D$11) -> 0.00028786919 | G10: Oil and Gas | H10: =SUMIF(B$8:B$11,G10,E$8:E$11) -> 0.00028786919
B11: Water Treatment | C11: Commercial water treatment | D11: 1 | E11: =D11/SUM(D$8:D$11) -> 5.7573838e-05 | G11: Water Treatment | H11: =SUMIF(B$8:B$11,G11,E$8:E$11) -> 5.7573838e-05
B12: Source: | C12: (MacGregor & Bolen, 2025)

Sheet Na2CO3
B2: Byproduct Market Assignment: | D2: Sodium Carbonate (soda ash, Na2CO3)
B4: Major End-Use Markets
B6: Demand by End-Use | G6: Fraction of Demand by End-Use Category
B7: End-Use Category | C7: End-Use | D7: Demand (kt) | E7: % of Demand | G7: End-Use Category | H7: % of Demand
B8: Glass Manufacturing | C8: Glass | D8: – | E8: 0.45 | G8: {=_xlfn.UNIQUE(B8:B15)} -> Glass Manufacturing | H8: =SUMIF(B$8:B$15,G8,E$8:E$15) -> 0.45
B9: Chemical Manufacturing | C9: Chemicals | D9: – | E9: 0.28 | G9: Chemical Manufacturing | H9: =SUMIF(B$8:B$15,G9,E$8:E$15) -> 0.33
B10: Other | C10: Miscellaneous uses | D10: – | E10: 0.09 | G10: Other | H10: =SUMIF(B$8:B$15,G10,E$8:E$15) -> 0.16
B11: Other | C11: Distributors | D11: – | E11: 0.07 | G11: Flue Gas Desulfurization | H11: =SUMIF(B$8:B$15,G11,E$8:E$15) -> 0.04
B12: Chemical Manufacturing | C12: Soap and detergents | D12: – | E12: 0.05 | G12: Pulp and Paper | H12: =SUMIF(B$8:B$15,G12,E$8:E$15) -> 0.01
B13: Flue Gas Desulfurization | C13: Flue gas desulfurization | D13: – | E13: 0.04 | G13: Water Treatment | H13: =SUMIF(B$8:B$15,G13,E$8:E$15) -> 0.01
B14: Pulp and Paper | C14: Pulp and paper | D14: – | E14: 0.01
B15: Water Treatment | C15: Water treatment | D15: – | E15: 0.01
B16: Source: | C16: (MacGregor, 2026)

Sheet NaHCO3
B2: Byproduct Market Assignment: | D2: Sodium Bicarbonate (baking soda, NaHCO3)
B4: Major End-Use Markets
B6: Demand by End-Use | G6: Fraction of Demand by End-Use Category
B7: End-Use Category | C7: End-Use | D7: Demand (kt) | E7: % of Demand | G7: End-Use Category | H7: % of Demand
B8: Chemical Manufacturing | C8: Chemicals | D8: – | E8: =15/360 -> 0.041666667 | G8: {=_xlfn.UNIQUE(B8:B16)} -> Chemical Manufacturing | H8: =SUMIF(B$8:B$16,G8,E$8:E$16) -> 0.041666667
B9: Miscellaneous Agricultural | C9: Agriculture | E9: 0.05 | G9: Miscellaneous Agricultural | H9: =SUMIF(B$8:B$16,G9,E$8:E$16) -> 0.05
B10: Livestock | C10: Animal feed | E10: 0.27 | G10: Livestock | H10: =SUMIF(B$8:B$16,G10,E$8:E$16) -> 0.27
B11: Miscellaneous Industrial | C11: Food | E11: 0.25 | G11: Miscellaneous Industrial | H11: =SUMIF(B$8:B$16,G11,E$8:E$16) -> 0.4
B12: Miscellaneous Industrial | C12: Pharmaceuticals | E12: 0.08 | G12: Water Treatment | H12: =SUMIF(B$8:B$16,G12,E$8:E$16) -> 0.03
B13: Miscellaneous Industrial | C13: Cleaning products | E13: 0.07 | G13: Flue Gas Desulfurization | H13: =SUMIF(B$8:B$16,G13,E$8:E$16) -> 0.09
B14: Water Treatment | C14: Water treatment | E14: 0.03 | G14: Other | H14: =SUMIF(B$8:B$16,G14,E$8:E$16) -> 0.12
B15: Flue Gas Desulfurization | C15: Flue gas desulfurization | E15: 0.09
B16: Other | C16: Others | E16: 0.12
B17: Source: | C17: (Grand View Research, 2018)
J21: 0

Sheet Na2SO4
B2: Byproduct Market Assignment: | D2: Sodium Sulfate (Na2SO4)
B4: Major End-Use Markets
B6: Demand by End-Use | G6: Fraction of Demand by End-Use Category
B7: End-Use Category | C7: End-Use | D7: Demand (kt) | E7: % of Demand | G7: End-Use Category | H7: % of Demand
B8: Chemical Manufacturing | C8: Soap and detergents | D8: – | E8: 0.35 | G8: {=_xlfn.UNIQUE(B8:B13)} -> Chemical Manufacturing | H8: =SUMIF(B$8:B$13,G8,E$8:E$13) -> 0.35
B9: Glass Manufacturing | C9: Glass | D9: – | E9: 0.18 | G9: Glass Manufacturing | H9: =SUMIF(B$8:B$13,G9,E$8:E$13) -> 0.18
B10: Pulp and Paper | C10: Pulp and paper | D10: – | E10: 0.15 | G10: Pulp and Paper | H10: =SUMIF(B$8:B$13,G10,E$8:E$13) -> 0.15
B11: Miscellaneous Industrial | C11: Carpet fresheners | D11: – | E11: 0.04 | G11: Miscellaneous Industrial | H11: =SUMIF(B$8:B$13,G11,E$8:E$13) -> 0.08
B12: Miscellaneous Industrial | C12: Textiles | D12: – | E12: 0.04 | G12: Other
B13: Other | C13: Miscellaneous | D13: – | E13: 0.24
B14: Source: | C14: (Kostick, 2013)

Sheet NaOH
B2: Byproduct Market Assignment: | D2: Sodium Hydroxide (caustic soda, NaOH)
B4: Major End-Use Markets
B6: Demand by End-Use | G6: Fraction of Demand by End-Use Category
B7: End-Use Category | C7: End-Use | D7: Demand (kt) | E7: % of Demand | G7: End-Use Category | H7: % of Demand
B8: Chemical Manufacturing | C8: Organic | D8: – | E8: 0.13 | G8: {=_xlfn.UNIQUE(B8:B18)} -> Chemical Manufacturing | H8: =SUMIF(B$8:B$18,G8,E$8:E$18) -> 0.58
B9: Chemical Manufacturing | C9: Inorganic | D9: – | E9: 0.22 | G9: Pulp and Paper | H9: =SUMIF(B$8:B$18,G9,E$8:E$18) -> 0.24
B10: Pulp and Paper | C10: Pulp and paper | D10: – | E10: 0.24 | G10: Water Treatment | H10: =SUMIF(B$8:B$18,G10,E$8:E$18) -> 0.03
B11: Chemical Manufacturing | C11: Epichlorohydrin | D11: – | E11: 0.02 | G11: Miscellaneous Industrial | H11: =SUMIF(B$8:B$18,G11,E$8:E$18) -> 0.03
B12: Chemical Manufacturing | C12: Polycarbonates | D12: – | E12: 0.02 | G12: Other | H12: =SUMIF(B$8:B$18,G12,E$8:E$18) -> 0.12
B13: Water Treatment | C13: Water | D13: – | E13: 0.03
B14: Miscellaneous Industrial | C14: Textile | D14: – | E14: 0.03
B15: Chemical Manufacturing | C15: Alumina | D15: – | E15: 0.03
B16: Chemical Manufacturing | C16: Soap | D16: – | E16: 0.07
B17: Chemical Manufacturing | C17: Propylene oxide | D17: – | E17: 0.09
B18: Other | C18: Others | D18: – | E18: 0.12
B19: Source: | C19: (Kurt & Bittner, 2006)

Sheet SrSO4
B2: Byproduct Market Assignment: | D2: Strontium Sulfate (celestite, SrSO4)
B4: Major End-Use Markets
B6: Demand by End-Use | G6: Fraction of Demand by End-Use Category
B7: End-Use Category | C7: End-Use | D7: Demand (kt) | E7: % of Demand | G7: End-Use Category | H7: % of Demand
B8: Oil and Gas | C8: Drilling fluids | D8: – | E8: 0.65 | G8: {=_xlfn.UNIQUE(B8:B11)} -> Oil and Gas | H8: =SUMIF(B$8:B$11,G8,E$8:E$11) -> 0.65
B9: Miscellaneous Industrial | C9: Ceramic ferrite magnets | D9: – | E9: 0.14 | G9: Miscellaneous Industrial | H9: =SUMIF(B$8:B$11,G9,E$8:E$11) -> 0.28
B10: Miscellaneous Industrial | C10: Pyrotechnics and signals | D10: – | E10: 0.14 | G10: Other | H10: =SUMIF(B$8:B$11,G10,E$8:E$11) -> 0.07
B11: Other | C11: Other | D11: – | E11: 0.07
B12: Source: | C12: (Hatfield, 2026)

Sheet H3BO3
B2: Byproduct Market Assignment: | D2: Boric Acid (H3BO3)
B4: Major End-Use Markets
B6: Demand by End-Use | G6: Fraction of Demand by End-Use Category
B7: End-Use Category | C7: End-Use | D7: Demand (kt) | E7: % of Demand | G7: End-Use Category | H7: % of Demand
B8: Glass Manufacturing | C8: Glass and ceramics | D8: – | E8: 0.5 | G8: {=_xlfn.UNIQUE(B8:B9)} -> Glass Manufacturing | H8: =SUMIF(B$8:B$9,G8,E$8:E$9) -> 0.5
B9: Other | C9: Other | D9: – | E9: 0.5 | G9: Other | H9: =SUMIF(B$8:B$9,G9,E$8:E$9) -> 0.5
B10: Source: | C10: (Brioche, 2026)

Sheet HCl
B2: Byproduct Market Assignment: | D2: Hydrochloric Acid (HCl)
B4: Major End-Use Markets
B6: Demand by End-Use | G6: Fraction of Demand by End-Use Category
B7: End-Use Category | C7: End-Use | D7: Demand (kt) | E7: % of Demand | G7: End-Use Category | H7: % of Demand
B8: Oil and Gas | C8: Oil and gas well acidification | D8: – | E8: 0.3 | G8: {=_xlfn.UNIQUE(B8:B11)} -> Oil and Gas | H8: =SUMIF(B$8:B$11,G8,E$8:E$11) -> 0.3
B9: Steel Pickling | C9: Steel pickling | D9: – | E9: 0.19 | G9: Steel Pickling | H9: =SUMIF(B$8:B$11,G9,E$8:E$11) -> 0.19
B10: Miscellaneous Industrial | C10: Food processing | D10: – | E10: 0.19 | G10: Miscellaneous Industrial | H10: =SUMIF(B$8:B$11,G10,E$8:E$11) -> 0.19
B11: Other | C11: Other | D11: – | E11: 0.32 | G11: Other | H11: =SUMIF(B$8:B$11,G11,E$8:E$11) -> 0.32
B12: Source: | C12: (U.S. Environmental Protection Agency, 2022)

Sheet Br2
B2: Byproduct Market Assignment: | D2: Bromine (Br2)
B4: Major End-Use Markets
B6: Demand by End-Use | G6: Fraction of Demand by End-Use Category
B7: End-Use Category | C7: End-Use | D7: Demand (kt) | E7: % of Demand | G7: End-Use Category | H7: % of Demand
B8: Miscellaneous Industrial | C8: Flame retardant | D8: 483000 | E8: =D8/SUM(D$8:D$13) -> 0.56 | G8: {=_xlfn.UNIQUE(B8:B13)} -> Miscellaneous Industrial | H8: =SUMIF(B$8:B$13,G8,E$8:E$13) -> 0.64997101
B9: Oil and Gas | C9: Drilling fluids | D9: 103500 | E9: =D9/SUM(D$8:D$13) -> 0.12 | G9: Oil and Gas | H9: =SUMIF(B$8:B$13,G9,E$8:E$13) -> 0.12
B10: Chemical Manufacturing | C10: Organic synthesis | D10: 86300 | E10: =D10/SUM(D$8:D$13) -> 0.10005797 | G10: Chemical Manufacturing | H10: =SUMIF(B$8:B$13,G10,E$8:E$13) -> 0.10005797
B11: Miscellaneous Industrial | C11: Pharmaceuticals | D11: 77600 | E11: =D11/SUM(D$8:D$13) -> 0.089971014 | G11: Water Treatment | H11: =SUMIF(B$8:B$13,G11,E$8:E$13) -> 0.08
B12: Water Treatment | C12: Water treatment | D12: 69000 | E12: =D12/SUM(D$8:D$13) -> 0.08 | G12: Miscellaneous Agricultural | H12: =SUMIF(B$8:B$13,G12,E$8:E$13) -> 0.049971014
B13: Miscellaneous Agricultural | C13: Agriculture | D13: 43100 | E13: =D13/SUM(D$8:D$13) -> 0.049971014 | H13: =SUMIF(B$8:B$13,G13,E$8:E$13) -> 0
B14: Source: | C14: (Mills et al., 2015)

Sheet Cl2
B2: Byproduct Market Assignment: | D2: Chlorine (Cl2)
B4: Major End-Use Markets
B6: Demand by End-Use | G6: Fraction of Demand by End-Use Category
B7: End-Use Category | C7: End-Use | D7: Demand (kt) | E7: % of Demand | G7: End-Use Category | H7: % of Demand
B8: Chemical Manufacturing | C8: Hydrochloric Acid | D8: – | E8: 0.16666667 | G8: {=_xlfn.UNIQUE(B8:B13)} -> Chemical Manufacturing | H8: =SUMIF(B$8:B$13,G8,E$8:E$13) -> 0.66111111
B9: Chemical Manufacturing | C9: Chloromethanes | D9: – | E9: 0.15277778 | G9: Other | H9: =SUMIF(B$8:B$13,G9,E$8:E$13) -> 0.33888889
B10: Chemical Manufacturing | C10: Chlorinated Paraffin Wax | D10: – | E10: 0.12777778 | H10: =SUMIF(B$8:B$13,G10,E$8:E$13) -> 0
B11: Chemical Manufacturing | C11: Organics | D11: – | E11: 0.11666667
B12: Chemical Manufacturing | C12: Inorganics | D12: – | E12: 0.097222222
B13: Other | C13: Other | D13: – | E13: 0.33888889
B14: Source: | C14: (Grand View Research, 2026)

Sheet Summary
A1: byproduct | B1: end_use_category | C1: pct_byproduct_demand
A2: {=INDEX('Table of Contents'!$B$5:$B$25, INT((ROW()-2)/COUNTA('Category Map'!$B$5:$B$25))+1)} -> BaSO4 | B2: {=INDEX('Category Map'!$B$5:$B$25, MOD(ROW()-2, COUNTA('Category Map'!$B$5:$B$25))+1)} -> Battery Manufacturing | C2: {=_xlfn.XLOOKUP(B2,INDIRECT("'" & A2 & "'!G:G"),INDIRECT("'" & A2 & "'!H:H"),0,0,1)} -> 0
A3: {=INDEX('Table of Contents'!$B$5:$B$25, INT((ROW()-2)/COUNTA('Category Map'!$B$5:$B$25))+1)} -> BaSO4 | B3: {=INDEX('Category Map'!$B$5:$B$25, MOD(ROW()-2, COUNTA('Category Map'!$B$5:$B$25))+1)} -> Cement Manufacturing | C3: {=_xlfn.XLOOKUP(B3,INDIRECT("'" & A3 & "'!G:G"),INDIRECT("'" & A3 & "'!H:H"),0,0,1)} -> 0
A4: {=INDEX('Table of Contents'!$B$5:$B$25, INT((ROW()-2)/COUNTA('Category Map'!$B$5:$B$25))+1)} -> BaSO4 | B4: {=INDEX('Category Map'!$B$5:$B$25, MOD(ROW()-2, COUNTA('Category Map'!$B$5:$B$25))+1)} -> Chemical Manufacturing | C4: {=_xlfn.XLOOKUP(B4,INDIRECT("'" & A4 & "'!G:G"),INDIRECT("'" & A4 & "'!H:H"),0,0,1)} -> 0
A5: {=INDEX('Table of Contents'!$B$5:$B$25, INT((ROW()-2)/COUNTA('Category Map'!$B$5:$B$25))+1)} -> BaSO4 | B5: {=INDEX('Category Map'!$B$5:$B$25, MOD(ROW()-2, COUNTA('Category Map'!$B$5:$B$25))+1)} -> Chloralkali Process | C5: {=_xlfn.XLOOKUP(B5,INDIRECT("'" & A5 & "'!G:G"),INDIRECT("'" & A5 & "'!H:H"),0,0,1)} -> 0
A6: {=INDEX('Table of Contents'!$B$5:$B$25, INT((ROW()-2)/COUNTA('Category Map'!$B$5:$B$25))+1)} -> BaSO4 | B6: {=INDEX('Category Map'!$B$5:$B$25, MOD(ROW()-2, COUNTA('Category Map'!$B$5:$B$25))+1)} -> Concrete | C6: {=_xlfn.XLOOKUP(B6,INDIRECT("'" & A6 & "'!G:G"),INDIRECT("'" & A6 & "'!H:H"),0,0,1)} -> 0
A7: {=INDEX('Table of Contents'!$B$5:$B$25, INT((ROW()-2)/COUNTA('Category Map'!$B$5:$B$25))+1)} -> BaSO4 | B7: {=INDEX('Category Map'!$B$5:$B$25, MOD(ROW()-2, COUNTA('Category Map'!$B$5:$B$25))+1)} -> Construction Aggregate | C7: {=_xlfn.XLOOKUP(B7,INDIRECT("'" & A7 & "'!G:G"),INDIRECT("'" & A7 & "'!H:H"),0,0,1)} -> 0
A8: {=INDEX('Table of Contents'!$B$5:$B$25, INT((ROW()-2)/COUNTA('Category Map'!$B$5:$B$25))+1)} -> BaSO4 | B8: {=INDEX('Category Map'!$B$5:$B$25, MOD(ROW()-2, COUNTA('Category Map'!$B$5:$B$25))+1)} -> Deicing | C8: {=_xlfn.XLOOKUP(B8,INDIRECT("'" & A8 & "'!G:G"),INDIRECT("'" & A8 & "'!H:H"),0,0,1)} -> 0
A9: {=INDEX('Table of Contents'!$B$5:$B$25, INT((ROW()-2)/COUNTA('Category Map'!$B$5:$B$25))+1)} -> BaSO4 | B9: {=INDEX('Category Map'!$B$5:$B$25, MOD(ROW()-2, COUNTA('Category Map'!$B$5:$B$25))+1)} -> Dust Control | C9: {=_xlfn.XLOOKUP(B9,INDIRECT("'" & A9 & "'!G:G"),INDIRECT("'" & A9 & "'!H:H"),0,0,1)} -> 0
A10: {=INDEX('Table of Contents'!$B$5:$B$25, INT((ROW()-2)/COUNTA('Category Map'!$B$5:$B$25))+1)} -> BaSO4 | B10: {=INDEX('Category Map'!$B$5:$B$25, MOD(ROW()-2, COUNTA('Category Map'!$B$5:$B$25))+1)} -> Fertilizer Manufacturing | C10: {=_xlfn.XLOOKUP(B10,INDIRECT("'" & A10 & "'!G:G"),INDIRECT("'" & A10 & "'!H:H"),0,0,1)} -> 0
A11: {=INDEX('Table of Contents'!$B$5:$B$25, INT((ROW()-2)/COUNTA('Category Map'!$B$5:$B$25))+1)} -> BaSO4 | B11: {=INDEX('Category Map'!$B$5:$B$25, MOD(ROW()-2, COUNTA('Category Map'!$B$5:$B$25))+1)} -> Flue Gas Desulfurization | C11: {=_xlfn.XLOOKUP(B11,INDIRECT("'" & A11 & "'!G:G"),INDIRECT("'" & A11 & "'!H:H"),0,0,1)} -> 0
A12: {=INDEX('Table of Contents'!$B$5:$B$25, INT((ROW()-2)/COUNTA('Category Map'!$B$5:$B$25))+1)} -> BaSO4 | B12: {=INDEX('Category Map'!$B$5:$B$25, MOD(ROW()-2, COUNTA('Category Map'!$B$5:$B$25))+1)} -> Glass Manufacturing | C12: {=_xlfn.XLOOKUP(B12,INDIRECT("'" & A12 & "'!G:G"),INDIRECT("'" & A12 & "'!H:H"),0,0,1)} -> 0
A13: {=INDEX('Table of Contents'!$B$5:$B$25, INT((ROW()-2)/COUNTA('Category Map'!$B$5:$B$25))+1)} -> BaSO4 | B13: {=INDEX('Category Map'!$B$5:$B$25, MOD(ROW()-2, COUNTA('Category Map'!$B$5:$B$25))+1)} -> Gypsum-Based Building Materials | C13: {=_xlfn.XLOOKUP(B13,INDIRECT("'" & A13 & "'!G:G"),INDIRECT("'" & A13 & "'!H:H"),0,0,1)} -> 0
... A442: {=INDEX('Table of Contents'!$B$5:$B$25, INT((ROW()-2)/COUNTA('Category Map'!$B$5:$B$25))+1)} -> Cl2 | B442: {=INDEX('Category Map'!$B$5:$B$25, MOD(ROW()-2, COUNTA('Category Map'!$B$5:$B$25))+1)} -> Water Treatment | C442: {=_xlfn.XLOOKUP(B442,INDIRECT("'" & A442 & "'!G:G"),INDIRECT("'" & A442 & "'!H:H"),0,0,1)} -> 0

Sheet Category Map
B2: End-Use Category Mapping | F2: Raw List
B4: End-Use Category | C4: End-Uses Included | F4: End-Use Category | G4: End-Use
B5: {=_xlfn._xlws.SORT(_xlfn.UNIQUE(F5:F113))} -> Battery Manufacturing | C5: {=_xlfn.TEXTJOIN("; ",TRUE,_xlfn.UNIQUE(_xlfn._xlws.FILTER(G$4:G$113,F$4:F$113=B5)))} -> Batteries | F5: {=_xlfn.VSTACK(BaSO4!B8:C9,CaCl2!B8:C14,CaCO3!B8:C12,CaSO4!B8:C12,KCl!B8:C9,LiCl!B8:C14,Li2CO3!B8:C14,LiOH!B8:C14,MgCl2!B8:C8,MgSO4!B8:C12,'Mg(OH)2'!B8:C10,NaCl!B8:C11,Na2CO3!B8:C15,NaHCO3!B8:C16,Na2SO4!B8:C13,NaOH!B8:C18,SrSO4!B8:C11,H3BO3!B8:C9,HCl!B8:C11,'Br2'!B8:C13,'Cl2'!B8:C13)} -> Oil and Gas | G5: Weighting agent in oil and gas drilling fluids
B6: Cement Manufacturing | C6: {=_xlfn.TEXTJOIN("; ",TRUE,_xlfn.UNIQUE(_xlfn._xlws.FILTER(G$4:G$113,F$4:F$113=B6)))} -> Cement manufacturing; Portland and masonry cement | F6: Miscellaneous Industrial | G6: Industrial
B7: Chemical Manufacturing | C7: {=_xlfn.TEXTJOIN("; ",TRUE,_xlfn.UNIQUE(_xlfn._xlws.FILTER(G$4:G$113,F$4:F$113=B7)))} -> Chemical intermediates; Other chemical; Chemicals; Soap and detergents; Organic; Inorganic; Epichlorohydrin; Polycarbonates; Alumina; Soap; Propylene oxide; Organic synthesis; Hydrochloric Acid; Chloromethanes; Chlorinated Paraffin Wax; Organics | F7: Deicing | G7: Deicing
B8: Chloralkali Process | C8: {=_xlfn.TEXTJOIN("; ",TRUE,_xlfn.UNIQUE(_xlfn._xlws.FILTER(G$4:G$113,F$4:F$113=B8)))} -> Chloralkali producers | F8: Dust Control | G8: Dust control, road stabilization
B9: Concrete | C9: {=_xlfn.TEXTJOIN("; ",TRUE,_xlfn.UNIQUE(_xlfn._xlws.FILTER(G$4:G$113,F$4:F$113=B9)))} -> Concrete | F9: Miscellaneous Industrial | G9: Industrial (refrigerant, coal thawing, etc.)
B10: Construction Aggregate | C10: {=_xlfn.TEXTJOIN("; ",TRUE,_xlfn.UNIQUE(_xlfn._xlws.FILTER(G$4:G$113,F$4:F$113=B10)))} -> Construction aggregate | F10: Oil and Gas | G10: Oil and gas drilling fluids
B11: Deicing | C11: {=_xlfn.TEXTJOIN("; ",TRUE,_xlfn.UNIQUE(_xlfn._xlws.FILTER(G$4:G$113,F$4:F$113=B11)))} -> Deicing | F11: Concrete | G11: Concrete
B12: Dust Control | C12: {=_xlfn.TEXTJOIN("; ",TRUE,_xlfn.UNIQUE(_xlfn._xlws.FILTER(G$4:G$113,F$4:F$113=B12)))} -> Dust control, road stabilization | F12: Miscellaneous Agricultural | G12: Tire ballast
B13: Fertilizer Manufacturing | C13: {=_xlfn.TEXTJOIN("; ",TRUE,_xlfn.UNIQUE(_xlfn._xlws.FILTER(G$4:G$113,F$4:F$113=B13)))} -> Fertilizer | F13: Other | G13: Miscellaneous
B14: Flue Gas Desulfurization | C14: {=_xlfn.TEXTJOIN("; ",TRUE,_xlfn.UNIQUE(_xlfn._xlws.FILTER(G$4:G$113,F$4:F$113=B14)))} -> Flue gas desulfurization | F14: Construction Aggregate | G14: Construction aggregate
B15: Glass Manufacturing | C15: {=_xlfn.TEXTJOIN("; ",TRUE,_xlfn.UNIQUE(_xlfn._xlws.FILTER(G$4:G$113,F$4:F$113=B15)))} -> Ceramics and glass; Glass; Glass and ceramics | F15: Cement Manufacturing | G15: Cement manufacturing
B16: Gypsum-Based Building Materials | C16: {=_xlfn.TEXTJOIN("; ",TRUE,_xlfn.UNIQUE(_xlfn._xlws.FILTER(G$4:G$113,F$4:F$113=B16)))} -> Plaster; Prefabricated gypsum products | F16: Lime Manufacturing | G16: Lime manufacturing
B17: Lime Manufacturing | C17: {=_xlfn.TEXTJOIN("; ",TRUE,_xlfn.UNIQUE(_xlfn._xlws.FILTER(G$4:G$113,F$4:F$113=B17)))} -> Lime manufacturing | F17: Miscellaneous Agricultural | G17: Agricultural uses
... B25: Water Treatment | C25: {=_xlfn.TEXTJOIN("; ",TRUE,_xlfn.UNIQUE(_xlfn._xlws.FILTER(G$4:G$113,F$4:F$113=B25)))} -> Water treatment; Commercial water treatment; Water | F25: Miscellaneous Industrial | G25: Chemical and industrial applications
F26: Battery Manufacturing | G26: Batteries
F27: Glass Manufacturing | G27: Ceramics and glass
F28: Miscellaneous Industrial | G28: Lubricating greases
F29: Other | G29: Air treatment
F30: Miscellaneous Industrial | G30: Continuous casting mold flux powders
F31: Other | G31: Medical
F32: Other | G32: Other
F33: Battery Manufacturing | G33: Batteries
F34: Glass Manufacturing | G34: Ceramics and glass
F35: Miscellaneous Industrial | G35: Lubricating greases
F36: Other | G36: Air treatment
F37: Miscellaneous Industrial | G37: Continuous casting mold flux powders
... F115: Other | G115: Other
